User_id,unique_episodes
Podwise_0001,13
Podwise_0002,19
Podwise_0003,16
Podwise_0004,10
Podwise_0005,14
Podwise_0006,19
Podwise_0007,10
Podwise_0008,16
Podwise_0009,20
Podwise_0010,16
Podwise_0011,16
Podwise_0012,14
Podwise_0013,20
Podwise_0014,10
Podwise_0015,15
Podwise_0016,15
Podwise_0017,11
Podwise_0018,15
Podwise_0019,16
Podwise_0020,11
Podwise_0021,15
Podwise_0022,14
Podwise_0023,12
Podwise_0024,10
Podwise_0025,14
Podwise_0026,16
Podwise_0027,11
Podwise_0028,20
Podwise_0029,13
Podwise_0030,20
Podwise_0031,18
Podwise_0032,10
Podwise_0033,20
Podwise_0034,11
Podwise_0035,18
Podwise_0036,12
Podwise_0037,19
Podwise_0038,15
Podwise_0039,17
Podwise_0040,16
Podwise_0041,16
Podwise_0042,14
Podwise_0043,14
Podwise_0044,15
Podwise_0045,20
Podwise_0046,17
Podwise_0047,11
Podwise_0048,14
Podwise_0049,18
Podwise_0050,19
Podwise_0051,15
Podwise_0052,16
Podwise_0053,13
Podwise_0054,18
Podwise_0055,12
Podwise_0056,18
Podwise_0057,11
Podwise_0058,16
Podwise_0059,12
Podwise_0060,11
Podwise_0061,16
Podwise_0062,14
Podwise_0063,10
Podwise_0064,15
Podwise_0065,14
Podwise_0066,18
Podwise_0067,11
Podwise_0068,20
Podwise_0069,17
Podwise_0070,16
Podwise_0071,10
Podwise_0072,15
Podwise_0073,13
Podwise_0074,16
Podwise_0075,15
Podwise_0076,12
Podwise_0077,16
Podwise_0078,13
Podwise_0079,18
Podwise_0080,12
Podwise_0081,13
Podwise_0082,18
Podwise_0083,18
Podwise_0084,15
Podwise_0085,13
Podwise_0086,17
Podwise_0087,10
Podwise_0088,18
Podwise_0089,10
Podwise_0090,17
Podwise_0091,15
Podwise_0092,20
Podwise_0093,14
Podwise_0094,17
Podwise_0095,19
Podwise_0096,18
Podwise_0097,17
Podwise_0098,20
Podwise_0099,15
Podwise_0100,14
Podwise_0101,16
Podwise_0102,17
Podwise_0103,13
Podwise_0104,20
Podwise_0105,18
Podwise_0106,16
Podwise_0107,18
Podwise_0108,14
Podwise_0109,20
Podwise_0110,13
Podwise_0111,14
Podwise_0112,20
Podwise_0113,11
Podwise_0114,14
Podwise_0115,20
Podwise_0116,14
Podwise_0117,19
Podwise_0118,11
Podwise_0119,16
Podwise_0120,18
Podwise_0121,15
Podwise_0122,17
Podwise_0123,20
Podwise_0124,17
Podwise_0125,20
Podwise_0126,18
Podwise_0127,11
Podwise_0128,16
Podwise_0129,10
Podwise_0130,17
Podwise_0131,19
Podwise_0132,19
Podwise_0133,12
Podwise_0134,15
Podwise_0135,11
Podwise_0136,11
Podwise_0137,10
Podwise_0138,20
Podwise_0139,16
Podwise_0140,20
Podwise_0141,20
Podwise_0142,19
Podwise_0143,10
Podwise_0144,13
Podwise_0145,14
Podwise_0146,20
Podwise_0147,18
Podwise_0148,10
Podwise_0149,18
Podwise_0150,10
Podwise_0151,13
Podwise_0152,17
Podwise_0153,12
Podwise_0154,12
Podwise_0155,15
Podwise_0156,11
Podwise_0157,16
Podwise_0158,11
Podwise_0159,12
Podwise_0160,14
Podwise_0161,15
Podwise_0162,19
Podwise_0163,13
Podwise_0164,20
Podwise_0165,12
Podwise_0166,18
Podwise_0167,10
Podwise_0168,16
Podwise_0169,19
Podwise_0170,15
Podwise_0171,18
Podwise_0172,19
Podwise_0173,10
Podwise_0174,18
Podwise_0175,16
Podwise_0176,19
Podwise_0177,18
Podwise_0178,10
Podwise_0179,16
Podwise_0180,16
Podwise_0181,10
Podwise_0182,20
Podwise_0183,19
Podwise_0184,10
Podwise_0185,13
Podwise_0186,17
Podwise_0187,11
Podwise_0188,16
Podwise_0189,14
Podwise_0190,11
Podwise_0191,10
Podwise_0192,12
Podwise_0193,18
Podwise_0194,14
Podwise_0195,13
Podwise_0196,18
Podwise_0197,13
Podwise_0198,12
Podwise_0199,11
Podwise_0200,19
Podwise_0201,10
Podwise_0202,10
Podwise_0203,14
Podwise_0204,14
Podwise_0205,17
Podwise_0206,11
Podwise_0207,12
Podwise_0208,19
Podwise_0209,14
Podwise_0210,17
Podwise_0211,14
Podwise_0212,12
Podwise_0213,20
Podwise_0214,12
Podwise_0215,14
Podwise_0216,15
Podwise_0217,13
Podwise_0218,19
Podwise_0219,15
Podwise_0220,16
Podwise_0221,16
Podwise_0222,14
Podwise_0223,11
Podwise_0224,11
Podwise_0225,10
Podwise_0226,10
Podwise_0227,17
Podwise_0228,16
Podwise_0229,17
Podwise_0230,19
Podwise_0231,19
Podwise_0232,13
Podwise_0233,13
Podwise_0234,17
Podwise_0235,13
Podwise_0236,12
Podwise_0237,19
Podwise_0238,11
Podwise_0239,16
Podwise_0240,16
Podwise_0241,12
Podwise_0242,10
Podwise_0243,15
Podwise_0244,10
Podwise_0245,20
Podwise_0246,14
Podwise_0247,18
Podwise_0248,16
Podwise_0249,19
Podwise_0250,20
Podwise_0251,11
Podwise_0252,19
Podwise_0253,19
Podwise_0254,15
Podwise_0255,19
Podwise_0256,12
Podwise_0257,12
Podwise_0258,13
Podwise_0259,18
Podwise_0260,14
Podwise_0261,11
Podwise_0262,11
Podwise_0263,15
Podwise_0264,20
Podwise_0265,15
Podwise_0266,14
Podwise_0267,14
Podwise_0268,13
Podwise_0269,10
Podwise_0270,16
Podwise_0271,11
Podwise_0272,13
Podwise_0273,20
Podwise_0274,18
Podwise_0275,12
Podwise_0276,14
Podwise_0277,13
Podwise_0278,16
Podwise_0279,14
Podwise_0280,13
Podwise_0281,14
Podwise_0282,15
Podwise_0283,14
Podwise_0284,15
Podwise_0285,19
Podwise_0286,15
Podwise_0287,19
Podwise_0288,15
Podwise_0289,13
Podwise_0290,18
Podwise_0291,14
Podwise_0292,16
Podwise_0293,18
Podwise_0294,16
Podwise_0295,14
Podwise_0296,17
Podwise_0297,12
Podwise_0298,13
Podwise_0299,12
Podwise_0300,15
Podwise_0301,10
Podwise_0302,19
Podwise_0303,15
Podwise_0304,16
Podwise_0305,18
Podwise_0306,17
Podwise_0307,16
Podwise_0308,20
Podwise_0309,16
Podwise_0310,11
Podwise_0311,17
Podwise_0312,14
Podwise_0313,13
Podwise_0314,17
Podwise_0315,15
Podwise_0316,11
Podwise_0317,13
Podwise_0318,17
Podwise_0319,12
Podwise_0320,13
Podwise_0321,11
Podwise_0322,15
Podwise_0323,19
Podwise_0324,10
Podwise_0325,11
Podwise_0326,15
Podwise_0327,19
Podwise_0328,11
Podwise_0329,14
Podwise_0330,16
Podwise_0331,19
Podwise_0332,15
Podwise_0333,13
Podwise_0334,20
Podwise_0335,18
Podwise_0336,18
Podwise_0337,17
Podwise_0338,18
Podwise_0339,10
Podwise_0340,10
Podwise_0341,20
Podwise_0342,13
Podwise_0343,18
Podwise_0344,14
Podwise_0345,15
Podwise_0346,11
Podwise_0347,19
Podwise_0348,20
Podwise_0349,17
Podwise_0350,10
Podwise_0351,19
Podwise_0352,20
Podwise_0353,13
Podwise_0354,14
Podwise_0355,11
Podwise_0356,10
Podwise_0357,17
Podwise_0358,19
Podwise_0359,20
Podwise_0360,18
Podwise_0361,14
Podwise_0362,12
Podwise_0363,17
Podwise_0364,20
Podwise_0365,20
Podwise_0366,12
Podwise_0367,15
Podwise_0368,17
Podwise_0369,15
Podwise_0370,20
Podwise_0371,14
Podwise_0372,18
Podwise_0373,19
Podwise_0374,17
Podwise_0375,15
Podwise_0376,15
Podwise_0377,19
Podwise_0378,10
Podwise_0379,12
Podwise_0380,16
Podwise_0381,11
Podwise_0382,10
Podwise_0383,17
Podwise_0384,11
Podwise_0385,11
Podwise_0386,10
Podwise_0387,10
Podwise_0388,18
Podwise_0389,15
Podwise_0390,20
Podwise_0391,14
Podwise_0392,13
Podwise_0393,17
Podwise_0394,10
Podwise_0395,13
Podwise_0396,12
Podwise_0397,10
Podwise_0398,11
Podwise_0399,18
Podwise_0400,12
Podwise_0401,18
Podwise_0402,15
Podwise_0403,19
Podwise_0404,11
Podwise_0405,20
Podwise_0406,17
Podwise_0407,19
Podwise_0408,14
Podwise_0409,14
Podwise_0410,14
Podwise_0411,13
Podwise_0412,14
Podwise_0413,17
Podwise_0414,11
Podwise_0415,11
Podwise_0416,17
Podwise_0417,11
Podwise_0418,14
Podwise_0419,10
Podwise_0420,15
Podwise_0421,11
Podwise_0422,13
Podwise_0423,18
Podwise_0424,12
Podwise_0425,20
Podwise_0426,14
Podwise_0427,19
Podwise_0428,15
Podwise_0429,11
Podwise_0430,18
Podwise_0431,12
Podwise_0432,20
Podwise_0433,20
Podwise_0434,16
Podwise_0435,16
Podwise_0436,17
Podwise_0437,13
Podwise_0438,15
Podwise_0439,17
Podwise_0440,15
Podwise_0441,17
Podwise_0442,19
Podwise_0443,10
Podwise_0444,10
Podwise_0445,14
Podwise_0446,18
Podwise_0447,18
Podwise_0448,13
Podwise_0449,17
Podwise_0450,10
Podwise_0451,17
Podwise_0452,18
Podwise_0453,14
Podwise_0454,12
Podwise_0455,18
Podwise_0456,19
Podwise_0457,18
Podwise_0458,18
Podwise_0459,17
Podwise_0460,18
Podwise_0461,10
Podwise_0462,13
Podwise_0463,11
Podwise_0464,11
Podwise_0465,12
Podwise_0466,19
Podwise_0467,18
Podwise_0468,17
Podwise_0469,16
Podwise_0470,11
Podwise_0471,10
Podwise_0472,15
Podwise_0473,16
Podwise_0474,19
Podwise_0475,17
Podwise_0476,19
Podwise_0477,11
Podwise_0478,20
Podwise_0479,11
Podwise_0480,14
Podwise_0481,14
Podwise_0482,18
Podwise_0483,20
Podwise_0484,20
Podwise_0485,19
Podwise_0486,12
Podwise_0487,12
Podwise_0488,18
Podwise_0489,14
Podwise_0490,16
Podwise_0491,17
Podwise_0492,18
Podwise_0493,17
Podwise_0494,18
Podwise_0495,12
Podwise_0496,15
Podwise_0497,18
Podwise_0498,19
Podwise_0499,13
Podwise_0500,17
